{
  "dims": [256, 256, 64],
  "spacing": [0.390625, 0.390625, 1.0],
  "type": "uint8"
}