{
  "dims": [
    129,
    145,
    135
  ],
  "spacing": [
    0.59765625,
    0.59765625,
    0.6000012755393982
  ],
  "type": "uint8"
}