{
  "dims": [512, 512, 96],
  "spacing": [0.779724, 0.779724, 0.791667],
  "type": "uint8"
}